date,顺发恒业,贵州茅台,重庆啤酒,中南传媒,海天味业,五粮液
20170103,4.86,334.56,18.3,16.76,29.72,34.66
20170104,4.87,351.91,18.46,16.78,29.73,35.9
20170105,4.89,346.74,18.68,16.63,29.83,35.93
20170106,4.79,350.76,18.34,16.31,29.6,36.1
20170109,4.85,348.51,18.5,16.39,30.14,36.45
20170110,4.84,349,18.54,16.26,30.25,36.5
20170111,4.77,345.45,18.8,16.3,29.91,35.86
20170112,4.76,347.05,18.79,16.14,29.88,35.6
20170113,4.67,344.87,17.69,16.18,31.65,35.69
20170116,4.52,341.47,17.64,16.37,32.11,35.45
20170117,4.52,349.13,18.15,16.3,31.4,35.76
20170118,4.54,355.08,18.35,16.38,31.14,36.95
20170119,4.59,354.72,18.4,16.61,31.16,36.85
20170120,4.66,354.99,18.69,16.7,31.19,36.91
20170123,4.7,351.22,18.64,16.61,31.03,37.38
20170124,4.71,350.31,18.59,16.64,31.16,37.42
20170125,4.68,347.63,19.66,16.69,31.08,37.27
20170126,4.7,344.42,19.69,16.68,31.21,37
20170203,4.66,346.85,20.21,16.7,30.03,36.41
20170206,4.74,346.85,20.16,16.93,29.76,36.45
20170207,4.75,343.58,19.89,17.04,29.76,36.45
20170208,4.83,344.21,20.23,17.03,29.93,37.09
20170209,4.84,347.61,20.25,17.18,29.77,37.34
20170210,4.83,345.08,20.47,17.04,29.89,37.83
20170213,4.87,349.75,20.72,17.11,30.84,38.58
20170214,4.83,350.21,20.54,16.96,30.92,38.66
20170215,4.85,348.53,19.93,16.79,30.8,38.4
20170216,5.34,348.09,20.01,16.93,30.81,38.46
20170217,5.12,350.56,19.88,16.78,30.72,38.95
20170220,5.1,361.29,20.38,17.08,31.01,41.4
20170221,5.06,358.74,20.26,17.15,30.78,40.86
20170222,5.04,361.89,20.58,17.2,30.49,41.28
20170223,4.96,361.7,20.58,17.17,30.4,40.48
20170224,4.98,362.62,20.35,17.45,30.48,40.29
20170227,4.92,357.2,20.43,17.36,31.09,39.39
20170228,4.95,354.66,20.27,17.39,30.89,39.56
20170301,4.93,356.61,20.31,17.4,30.85,39.98
20170302,4.9,356.82,20.43,17.23,30.67,39.96
20170303,4.92,356.54,20.24,17.34,30.94,39.99
20170306,4.95,358.96,20.34,17.27,30.95,40.55
20170307,4.94,367.2,21.06,17.29,31.37,41.65
20170308,4.9,367.28,21.66,17.24,31.12,41.12
20170309,4.88,369.9,21.28,17.14,30.87,40.67
20170310,4.89,369.85,21.19,17.05,31.61,40.66
20170313,4.94,371.55,21.61,17.2,31.92,41.65
20170314,4.96,369.5,21.24,17.4,31.39,41.38
20170315,4.92,374.68,21.19,17.49,31.36,41.54
20170316,5.04,374.77,21.41,17.47,31.49,41.04
20170317,4.96,378.48,21.04,17.5,31.14,40.76
20170320,4.97,386.41,21.03,17.6,31.16,41.09
20170321,4.98,394.01,21.51,17.65,31.7,43.38
20170322,4.94,394.48,21.8,17.57,32.44,43.96
20170323,4.92,389.79,21.54,17.83,34.24,43.56
20170324,4.92,386.82,21.8,18.01,33.59,43.24
20170327,4.97,378.82,22.11,17.81,34.11,42.55
20170328,4.92,380.26,22.21,17.66,34.95,42.77
20170329,5,383.65,22.01,17.8,34.31,43.1
20170330,4.86,386.14,21.4,17.73,34.48,42.73
20170331,4.94,386.36,21.68,17.97,34.81,43
20170405,5,389.66,21.69,17.9,35.58,43.12
20170406,4.98,391.91,21.64,18.34,35.96,42.95
20170407,4.99,392.87,21.64,18.31,35.66,42.69
20170410,4.99,389.2,20.82,18.15,35.06,41.66
20170411,5.11,385.29,20.61,17.84,35.68,40.95
20170412,5.05,390.23,20.31,17.72,35.3,42.05
20170413,5.09,398.39,20.54,17.93,35.32,42.81
20170414,5.08,395.45,21.46,17.64,34.72,42.35
20170417,4.97,395.79,22.15,17.65,34.82,42.96
20170418,4.94,404.65,22.52,17.84,36.07,43.88
20170419,4.86,405.74,22.65,17.4,36.24,44
20170420,4.78,415.31,23.16,17.43,37.15,45.65
20170421,4.79,400.53,22.25,17.59,36.77,45.65
20170424,4.74,398.55,21.91,17.65,36.23,44.31
20170425,4.72,418.89,23.35,17.5,36.08,46.6
20170426,4.72,417.96,23,17.13,36.89,45.7
20170427,4.63,421.44,22.58,16.83,36.79,46
20170428,4.58,413.48,22.43,16.8,36.84,45.5
20170502,4.6,412.08,23.09,16.79,37.45,44.6
20170503,4.7,417.61,22.45,17.04,36.2,44.92
20170504,4.64,416,22.69,16.77,37,44.38
20170505,4.52,416.19,22.11,16.9,36.4,44.16
20170508,4.38,405.48,21.57,17.21,35.49,42.62
20170509,4.44,408.76,21.63,17.19,34.75,43.67
20170510,4.39,410.09,21.96,17.09,35.48,43.49
20170511,4.35,412.16,21.68,17.14,36.01,44.33
20170512,4.34,413.47,21.5,17.17,36.6,44.25
20170515,4.3,419.55,22.29,17.04,37.93,45.18
20170516,4.35,430.12,22.49,17.14,38.2,47.6
20170517,4.33,426.6,22.7,17.08,37.38,46.36
20170518,4.37,429.54,22.43,16.94,38.62,46.5
20170519,4.33,440.82,22.09,17.05,39,47.08
20170522,4.24,441.78,21.87,17,38.6,47.13
20170523,4.18,454.2,21.67,16.99,39.5,48.26
20170524,4.19,450.32,21.96,17.07,38.96,47.95
20170525,4.29,450.6,22.04,17.16,38.84,47.73
20170526,4.24,451.92,22.26,17.21,38.83,47.56
20170531,4.28,442.94,21.95,17.42,38.94,47.88
20170601,4.14,449.28,21.9,17.32,40.47,48.34
20170602,4.21,447.31,22,17.4,40.15,47.96
20170605,4.28,444.41,22.37,17.46,39.74,47.09
20170606,4.3,448.82,22.38,17.32,40,48.51
20170607,4.39,459.37,22.8,17.62,40.03,50.9
20170608,4.38,464.31,22.95,17.79,41.66,51.4
20170609,4.38,465.74,23.17,17.91,41.99,52.17
20170612,4.25,472.88,23,18.05,42.11,54.83
20170613,4.31,473.04,23.2,18.24,42.55,54.69
20170614,4.33,474.39,22.95,18.1,42,53.7
20170615,4.33,464.3,22.95,17.99,40.59,52.21
20170616,4.34,462.63,22.25,17.96,40.23,52.02
20170619,4.35,470.17,22.34,18.15,40.86,52.57
20170620,4.32,466.3,22.97,18.37,40.04,52.2
20170621,4.35,472.71,22.94,17.62,41.21,54.61
20170622,4.41,472.75,22.52,17.89,40.13,54.15
20170623,4.31,472.73,23.81,17.76,41.29,55
20170626,4.34,484.68,24.24,18.18,41.13,56.74
20170627,4.35,484.1,24,18.53,42.2,57.16
20170628,4.35,475.3,23.96,18.5,41,55.64
20170629,4.36,473.01,24.2,18.76,40.83,55.42
20170630,4.41,471.85,23.31,18.64,40.78,55.66
20170703,4.4,460.37,23.72,18.57,38.83,54.03
20170704,4.4,451.92,23.75,18.31,38.68,52.55
20170705,4.38,460.13,24.27,18.3,39.3,53.42
20170706,4.37,455.98,24.19,18.1,38.77,52.99
20170707,4.37,445.97,23.86,18.12,38.07,51.8
20170710,4.35,454.47,24.39,18.25,38.33,52.79
20170711,4.32,463.13,24.43,18.08,38.9,53.69
20170712,4.3,457.47,24.82,17.87,38.72,52.18
20170713,4.28,456.16,24.69,17.98,37.36,52.18
20170714,4.21,456.41,24.89,17.85,37.85,52.54
20170717,4.02,450.07,23.3,17.56,37.8,51.51
20170718,4.05,452.55,24.47,17.44,39,52.59
20170719,4.07,456.86,24.09,17.58,38.8,53.71
20170720,4.11,466.47,24.92,17.68,40.12,54.81
20170721,4.11,473.2,24.66,17.45,39.85,54.71
20170724,4.15,477.8,25,17.34,39.12,55.91
20170725,4.1,477.96,24.47,17.13,38.33,55.36
20170726,4.09,471.63,24.24,17.06,38.59,54.01
20170727,4.12,473.87,24.3,17.18,38.49,53.75
20170728,4.12,483.92,24.67,17.27,38.5,55.73
20170731,4.12,481.22,25.09,17.13,38.74,55.76
20170801,4.14,480.24,24.75,17.17,39.55,56.58
20170802,4.1,482.84,24.68,17.24,39.2,55.71
20170803,4.09,477.22,24.41,17.19,38.88,54.5
20170804,4.08,473.64,23.63,17.04,37.93,54.09
20170807,4.08,481.56,23.66,16.89,37.86,56
20170808,4.09,482.58,23.15,17.07,37.98,55.81
20170809,4.08,490.85,23.76,17.17,38.37,56.64
20170810,4.02,491.63,23.64,16.84,39.28,57.6
20170811,3.97,484.06,23.47,16.74,39.69,56
20170814,4.01,499.83,23.53,16.81,40.96,57.38
20170815,4.03,495.97,23.6,16.81,41.56,57.5
20170816,4.02,496.49,23.91,16.96,41.31,56.85
20170817,4.05,492.69,23.9,16.97,40.67,55.81
20170818,4.06,489.65,23.73,16.82,41.8,55.81
20170821,4.08,489.73,23.28,16.81,41.64,55.51
20170822,4.05,487.22,23.4,16.62,42.15,54.08
20170823,4.05,494.01,23.31,16.58,41.82,54.79
20170824,4.01,492.81,22.98,16.24,40.87,54.06
20170825,4.04,492.99,23.23,16.24,40.98,54.1
20170828,4.08,492.04,23.13,16.33,40.79,55.43
20170829,4.07,489.44,23.08,16.1,40.8,55.19
20170830,4.13,492.97,22.99,16.21,41.39,56.25
20170831,4.08,491.15,22.71,16.33,40.58,55.49
20170901,4.08,495.18,22.45,16.17,40.79,55.5
20170904,4.05,492.42,22.78,16.09,40.95,54.21
20170905,4.04,489.99,22.82,15.95,41.22,54.27
20170906,4.04,484.98,22.8,15.82,42.3,53.83
20170907,4.07,481.27,22.85,15.8,41.61,53.15
20170908,4.05,474.37,22.97,15.8,41.49,51.85
20170911,4.04,478.32,23.07,15.86,40.5,52.87
20170912,4.06,484.91,22.55,15.83,40.62,53.6
20170913,4.05,491.63,22.66,15.78,41.32,54.96
20170914,4.09,490.71,22.49,16.08,41.17,54.8
20170915,4.14,489.84,22.39,15.96,43.15,54.93
20170918,4.11,498.97,21.96,15.97,44.9,56.42
20170919,4.19,496.95,21.53,15.86,44.69,56.47
20170920,4.23,496.2,22.03,15.78,44.74,56.52
20170921,4.13,498.77,21.63,15.71,45.01,55.72
20170922,4.16,499.93,21.77,15.52,45.21,56.08
20170925,4.03,507.24,21.55,15.23,45.43,57.42
20170926,4.03,509.29,21.84,15.19,45.35,56.89
20170927,4.03,508.21,21.87,15.22,45.98,56.7
20170928,3.98,518.46,21.8,15.24,46.16,57.45
20170929,4,517.64,22.07,15.27,47.39,57.28
20171009,4.02,527.77,22.08,15.41,46.15,58.54
20171010,4.03,540.06,22.32,15.41,47.37,59.18
20171011,4.04,545.54,22.76,15.62,48.73,61.18
20171012,4.03,544.09,22.97,15.57,48.85,60.81
20171013,4.03,556.15,22.48,15.54,49.05,61.62
20171016,4.04,560.69,21.53,15.14,48.57,59.65
20171017,4.04,556.73,21.4,15.14,49.8,60.1
20171018,4.02,560.72,21.82,15.22,50.89,61.35
20171019,3.95,582.6,21.19,15.06,50.9,63
20171020,3.98,574.33,21.37,15.12,49.55,62.51
20171023,3.99,573.41,21.11,15.13,49.83,62.6
20171024,4,567.33,20.61,15.16,49.97,63.59
20171025,4.01,565.67,20.82,15.21,49.06,63.02
20171026,4.03,605.09,20.94,15.31,51.28,65.06
20171027,4.11,649.63,20.48,15.29,50.79,67.99
20171030,4.09,622.08,20.72,14.57,50.7,67
20171031,4.19,618.03,20.94,14.41,51.27,66.62
20171101,4.25,623.01,21.49,14.32,49.91,67.02
20171102,4.25,626.92,21.97,14.24,50.51,67.62
20171103,4.21,639.17,21.39,13.97,50.73,68.33
20171106,4.21,653.06,21.21,13.88,53.64,70.15
20171107,4.25,642.07,21.39,13.91,54.25,71
20171108,4.2,650.38,21.22,14.32,53.54,70.47
20171109,4.25,650.07,21.27,14.18,54.38,71.15
20171110,4.41,677.95,21.59,14.24,54.55,74.6
20171113,4.37,687.88,21.7,13.88,53.55,74.44
20171114,4.38,678.75,20.85,13.75,52.36,72.19
20171115,4.38,688.08,20.81,13.77,52.07,74.8
20171116,4.48,719.11,20.08,13.84,53.35,76.2
20171117,4.37,690.25,18.92,13.61,51.94,74.86
20171120,4.37,679.15,18.48,13.44,53.53,72.93
20171121,4.59,677.25,18.63,13.46,54.66,73.95
20171122,4.51,650.52,18.4,13.63,54.36,71.9
20171123,4.31,633.73,18.29,13.68,50.92,67.57
20171124,4.38,630.04,18.4,13.66,50.31,68.46
20171127,4.32,621.29,18.4,13.86,48.88,67.59
20171128,4.3,648.23,18.92,13.86,50.65,68.68
20171129,4.32,638.12,18.91,13.9,49.33,66.22
20171130,4.3,631,18.79,13.84,48.9,65.6
20171201,4.27,622.35,19.04,14.09,48.95,65.3
20171204,4.22,637.79,19.28,14.17,49.49,67.95
20171205,4.1,632.96,19.01,14.04,48.63,68.32
20171206,4.14,625.01,19.07,14.33,48.41,68.32
20171207,4.09,616.69,19,14.53,48.48,65.96
20171208,4.14,627.28,18.82,14.49,49.28,67.9
20171211,4.14,650.99,18.88,14.34,50.99,71.9
20171212,4.09,651.32,19.2,14.31,51.22,71.86
20171213,4.11,668.21,19.61,14.19,52.46,74.15
20171214,4.06,664.55,19.53,14.11,52.51,74.69
20171215,4.04,653.79,19.29,14.34,52.22,72.95
20171218,4.01,665.77,18.83,13.99,52.4,77.08
20171219,4.06,667.09,19.28,13.93,53.06,78.42
20171220,4.04,684.91,20.72,13.68,54.06,81.6
20171221,4.04,681.74,20.86,13.71,54.17,82.15
20171222,4.02,682.92,20.87,13.67,53.49,80.58
20171225,4.02,688.12,20.91,13.38,53.75,80.56
20171226,4.04,680.81,20.78,13.52,52.81,79.47
20171227,4.03,664.18,20.19,13.53,52.79,77.9
20171228,4.43,718.69,20.71,13.61,53.26,80.86
20171229,4.31,697.49,20.86,13.89,53.8,79.88
20180102,4.33,703.85,21.07,13.84,53.11,80.58
20180103,4.36,715.86,21.14,13.83,53.08,80.9
20180104,4.33,737.07,21.12,13.78,55.44,82.99
20180105,4.46,738.36,22.22,13.83,54.46,82.68
20180108,4.55,752.13,21.8,13.85,53.95,82.2
20180109,5.01,782.52,22.86,14.04,55.78,86.1
20180110,4.79,785.71,23,14.01,57.16,88.9
20180111,4.84,774.81,22.69,14.05,56.52,87.96
20180112,4.74,788.42,22.31,13.97,57.11,91.37
20180115,4.66,785.37,21.88,13.43,57.87,91.75
20180116,4.79,772.94,23.43,13.64,58.44,90.82
20180117,4.59,747.93,22.68,13.99,57.26,86.01
20180118,4.59,750.74,22.62,13.98,56.28,86.4
20180119,4.61,750.18,22.26,14.19,56.72,85.17
20180122,4.66,773.64,22.88,14.38,57.32,90.42
20180123,4.68,773.78,22.51,14.32,57.09,89.71
20180124,4.56,764.46,22.32,14.6,55.96,87.35
20180125,4.47,769.16,22.37,14.41,55.57,86
20180126,4.52,777.22,23.11,14.4,57.49,86.84
20180129,4.49,736.32,22.42,14.26,54.52,82.08
20180130,4.56,742.08,22.55,14.48,53.68,81.4
20180131,4.62,764.54,23.08,14.31,56.36,84.38
20180201,4.31,757.73,22.54,14.29,55.7,82.98
20180202,4.23,740.4,21.47,14.44,56.37,82.28
20180205,4.26,718.23,21.96,14.93,55.03,77.87
20180206,4.02,708.86,21,14.45,51.59,76.44
20180207,4.03,683.43,20.26,14.51,51.47,71.02
20180208,4.14,700.99,20.5,13.06,52.16,72.02
20180209,4.05,683.43,19.27,12.58,51.57,71.2
20180212,4.09,697.48,19.99,12.97,53.34,74.4
20180213,4.1,711.98,20.39,13.02,53.32,75.1
20180214,4.1,718.45,20.64,13.14,53.86,76.6
20180222,4.16,742.45,20.92,13.37,56.02,80.1
20180223,4.19,742.48,20.99,13.43,55.33,79.64
20180226,4.22,743.51,21.8,13.5,55.29,78.52
20180227,4.16,737.98,21.79,13.46,55,76.1
20180228,4.21,725.62,21.78,13.26,55.3,74.28
20180301,4.22,741.97,21.76,13.27,55.29,74.32
20180302,4.14,736.41,21.7,13.31,55.99,73.42
20180305,4.15,720.11,21.53,13.31,56.1,72.09
20180306,4.2,718.26,21.85,13.44,56.22,73.24
20180307,4.16,710.04,21.4,13.38,55.55,73.28
20180308,4.18,722.76,21.38,13.42,56.14,76.9
20180309,4.18,728.2,21.71,13.59,58.98,77.1
20180312,4.2,723.95,22.71,13.77,58.58,76.15
20180313,4.23,710.35,22.08,13.56,58.02,74.61
20180314,4.27,726.88,21.78,13.48,57.98,75.55
20180315,4.2,746.47,21.72,13.38,60.07,78
20180316,4.22,739.85,21.05,13.47,59.39,76.87
20180319,4.14,753.48,21.78,13.31,59.1,77.71
20180320,4.13,747.73,21.68,13,59.71,75.65
20180321,4.11,742,21.16,12.86,60.56,74.52
20180322,4.12,726.08,21.1,12.91,59.95,72.13
20180323,3.97,711.06,20.1,12.48,58,71.37
20180326,3.99,713.49,21.01,12.79,58.18,69.99
20180327,4.07,714.74,21.07,12.9,60.19,68.47
20180328,4.03,682.05,20.88,12.88,57,64.74
20180329,4.09,689.1,21.21,12.88,57.37,67.5
20180330,4.08,683.62,21.59,12.76,56.76,66.36
20180402,4.08,680.06,21.79,12.73,55.98,66.43
20180403,4.02,677.91,21.88,12.59,57.61,67.12
20180404,4.01,694.01,22.2,12.64,59.38,69.9
20180409,4,698.3,22.11,12.41,58.46,69.75
20180410,4.04,708.02,22.88,12.54,59.37,70.38
20180411,4.05,705.36,23.33,12.67,60.5,70.31
20180412,3.98,694.2,23.82,12.53,61.33,69.2
20180413,4.01,686.86,23.55,12.55,60.41,67.98
20180416,4,681.38,24.56,12.34,59.29,67.97
20180417,3.95,666.2,24.31,12.31,59.42,67
20180418,3.92,655.64,24.01,12.4,59.98,66.33
20180419,3.89,679.96,24.48,12.4,60.5,70.37
20180420,3.8,670.26,23.93,12.01,60.14,69.63
20180423,3.85,674.01,24.15,12.08,61.57,69.69
20180424,3.93,689.88,25.04,12.39,62.47,72.43
20180425,4.01,690.97,24.81,12.52,63.19,72.34
20180426,3.97,678.23,24.35,12.5,62.51,69.1
20180427,3.99,662.53,24.29,12.53,61.97,67.98
20180502,4.03,667.83,25.92,12.19,63.8,71.22
20180503,4.13,670.88,26.97,12.49,64.25,73.8
20180504,4.17,662.87,27.28,12.57,63.51,72.9
20180507,4.17,698.17,29.28,12.97,63.26,76
20180508,4.22,708.83,28.85,12.97,65.13,76.04
20180509,4.24,701.95,28.75,13.02,64.83,76.25
20180510,4.3,714.19,28.31,13.14,66.43,77.98
20180511,3.86,718.02,27.98,13.1,67.89,77.06
20180514,3.84,742.41,28.1,13.25,68.43,78.32
20180515,3.86,743.06,29.23,13.25,69.99,79.38
20180516,3.82,734.52,30.26,13.27,72.09,79.17
20180517,3.79,727.38,29.46,13.3,68.53,77.07
20180518,3.79,739.32,29.91,13.13,68.71,77.59
20180521,3.82,734.82,29.98,13.38,69.64,77.18
20180522,3.8,739.57,30.46,13.58,69.71,77.65
20180523,3.75,723.78,30.55,13.55,70.53,76.44
20180524,3.67,715.4,30.48,13.71,69.39,74.02
20180525,3.64,716.86,30.76,13.68,69.37,74.3
20180528,3.74,740.4,33.47,13.68,71.38,77.45
20180529,3.7,731.43,32.4,13.79,71.33,76.34
20180530,3.6,725.87,31.17,13.41,73.62,76.8
20180531,3.64,751.13,32.78,13.98,74.94,78.98
20180601,3.63,745.11,31.21,13.92,74.02,78.62
20180604,3.67,781.97,30.8,14.05,77.92,81.8
20180605,3.67,788.05,31.37,13.92,79.91,82.8
20180606,3.7,785.75,32.73,14.27,80.94,82.11
20180607,3.7,780.97,31.44,14.23,80.72,80.85
20180608,3.64,777.95,31.6,13.93,80.38,80.39
20180611,3.66,775.73,29.15,13.44,75.96,82.48
20180612,3.68,799.19,29.78,13.82,80.29,86
20180613,3.67,790.33,29.29,13.41,78.02,85.47
20180614,3.68,786.13,29.76,13.48,76.84,84.41
20180615,3.67,773.33,28.29,13.01,77.81,83.25
20180619,3.47,738,26.38,12.79,76.26,79.88
20180620,3.46,763.59,26.89,13.03,76.8,82.06
20180621,3.37,759.32,27.11,12.63,74.69,80.88
20180622,3.44,766.53,28.09,12.66,74.69,80.18
20180625,3.33,765.56,28.87,12.73,76.97,82.11
20180626,3.35,754.8,28.75,12.79,75.51,81.48
20180627,3.31,722.44,27.06,12.75,72.12,76.55
20180628,3.32,710.93,26.74,12.54,71.54,73.65
20180629,3.43,731.46,27.69,12.64,73.64,76
20180702,3.33,711.55,27.37,12.64,74,74.28
20180703,3.32,694.92,27.73,13.45,72.85,72.38
20180704,3.24,690.91,28.59,13.35,72.62,70.7
20180705,3.15,702.39,27.8,12.7,70.98,70.82
20180706,3.16,714.12,27.48,11.42,73.8,70.62
20180709,3.36,727.24,28.52,11.64,76.8,73.54
20180710,3.36,725.76,29.4,11.9,76.48,73.37
20180711,3.35,719.58,29.22,12.18,75.15,72.08
20180712,3.38,737.54,29.63,12.47,76.15,73.9
20180713,3.4,746.99,29.57,12.37,76.56,75.75
20180716,3.36,754.68,29.28,12.52,75.98,75.42
20180717,3.39,742.43,28.96,12.58,73.87,74.04
20180718,3.34,737.44,30.82,12.5,73.11,73.31
20180719,3.28,740.95,30.24,12.69,73.01,73.38
20180720,3.31,741.13,30.41,13.03,73.49,73.43
20180723,3.36,732.07,30.06,13,71.09,72.12
20180724,3.46,745.4,30.99,12.9,71.77,75.03
20180725,3.47,743.81,30.74,12.78,71.32,75
20180726,3.51,735.62,30.78,12.65,70.46,74.19
20180727,3.48,738.56,31.38,12.6,73.17,74.19
20180730,3.47,719.21,30.28,12.57,71.19,72.6
20180731,3.56,726.44,30.08,12.56,70.78,72.15
20180801,3.5,714.94,30.17,12.54,68.8,70.02
20180802,3.42,695.84,29.34,12.07,69.28,67.92
20180803,3.34,678.99,27.32,12.12,69.01,65.67
20180806,3.25,669.68,26.16,11.91,64.69,64.34
20180807,3.38,686.28,26.3,12.33,66.39,66.48
20180808,3.34,676.22,26.1,12.39,64.94,64.44
20180809,3.43,691.88,25.8,12.47,67.89,66.36
20180810,3.48,687.18,25.75,12.17,68.78,66.05
20180813,3.54,679.22,25.22,12.29,69.39,64.41
20180814,3.53,680.13,25.65,12.22,68.78,65.1
20180815,3.46,662.8,24.88,12.03,67.03,63.33
20180816,3.46,648.44,23.86,11.9,68.36,61.15
20180817,3.35,634.86,23.88,11.76,65.48,60.61
20180820,3.37,644.79,23.72,11.73,67.5,62.03
20180821,3.43,671.49,24.62,12.11,69.65,64.33
20180822,3.39,667.7,24.25,12.05,68.49,63.69
20180823,3.42,670.21,24.78,11.97,69.29,64.15
20180824,3.43,660.3,25.55,11.94,68.06,62.96
20180827,3.5,687.3,26.21,12.18,69.7,65.31
20180828,3.49,681,26.2,12.3,68.85,64.3
20180829,3.45,685.85,26.06,12.37,69.46,63.68
20180830,3.44,680.4,25.88,12.24,67.94,63.4
20180831,3.44,659.19,25.4,11.7,68.5,61.9
20180903,3.35,666.21,26.39,12.01,66.35,61.97
20180904,3.42,675.04,26.26,12.04,67.87,62.77
20180905,3.42,657.79,25.97,11.87,68.99,60.9
20180906,3.36,644,24.45,11.74,67.5,59.71
20180907,3.37,650.97,26.14,11.48,67.7,60.77
20180910,3.3,644.8,25.18,11.34,66,60.38
20180911,3.28,646,26.45,11.07,67.38,61
20180912,3.28,630,25.72,10.9,67.9,59.65
20180913,3.34,631.98,25.68,11,69.27,59.98
20180914,3.29,642.9,26.39,11.01,69.31,61.53
20180917,3.2,645.81,27.31,11.25,68.65,61.86
20180918,3.28,666.7,28.53,11.35,70.05,63.21
20180919,3.33,681.42,28.34,11.45,70.98,64.44
20180920,3.32,678.55,28.26,11.51,71.8,64.39
20180921,3.37,700.01,28.55,11.73,76.3,66.42
20180925,3.37,697.02,28.11,12.03,75.5,65.3
20180926,3.35,724.93,29.61,12.24,77.77,67.2
20180927,3.32,724,29.22,12.19,78.88,67.37
20180928,3.33,730,29.21,12.07,79.2,67.95
20181008,3.21,686.15,28.26,11.92,74,63.48
20181009,3.21,695,28.06,11.95,74.9,63.36
20181010,3.21,670.92,27.79,11.97,75.59,60.81
20181011,2.9,644.99,26.58,11.68,72.46,58.72
20181012,2.76,668,27.07,11.41,74.8,60.21
20181015,2.82,666.9,28,10.96,71.82,58.76
20181016,2.77,667.14,27.21,10.11,71.3,58.97
20181017,2.78,665.72,26.71,10.73,69.46,59.4
20181018,2.67,645.94,25.86,10.7,69.71,58
20181019,2.74,670,26.67,11.25,72.15,59.49
20181022,2.9,693,28.36,11.4,74.18,62.48
20181023,2.83,641.74,27.99,10.88,72.3,58
20181024,2.78,636.99,27.4,10.83,71.47,56.29
20181025,2.8,619,26.89,11.29,69.03,54.8
20181026,2.91,610.1,26.08,11.55,64.8,54.3
20181029,2.81,549.09,24.98,11.42,58.32,48.87
20181030,2.8,524,26.24,11.45,58.7,47.49
20181031,2.82,548.9,27.71,11.71,64.57,48.15
20181101,2.81,563,27.72,12.2,65.2,49.65
20181102,2.87,599.9,27.93,12.12,68.2,53.69
20181105,2.87,575.8,28.17,12.01,65.69,51.75
20181106,2.87,566,27.3,11.76,64.95,50.8
20181107,2.87,566.4,27.78,11.6,65.69,50.5
20181108,2.91,570.34,27.37,11.48,65.06,50.69
20181109,2.88,562,27.59,11.76,65.67,50.01
20181112,2.99,552,27.6,11.75,65.06,50.05
20181113,3.07,570,27.51,12.19,65.18,51.25
20181114,3.05,555.1,26.89,12,63.38,50.17
20181115,3.07,559.7,26.93,12.36,64.14,50.59
20181116,3.1,560,26.52,12.18,63.18,50.69
20181119,3.41,569.02,26.66,12.15,64.7,51.69
20181120,3.43,561.6,26.18,11.86,62.97,50.61
20181121,3.34,564.7,25.78,11.76,63.58,51.13
20181122,3.26,564.5,25.67,11.45,63.63,50.99
20181123,3.1,556.9,25.16,11.18,62.41,50.02
20181126,3.1,552.11,25.32,11.04,62.07,50.09
20181127,3.11,548.1,25.1,11.32,61.54,49.78
20181128,3.16,557,25.67,11.65,63.27,50.24
20181129,3.03,551.6,25.27,11.3,62.56,50.43
20181130,3.09,565,25.99,11.49,63.37,52.39
20181203,3.16,601.2,26.61,11.69,67.4,55.09
20181204,3.16,602.23,27.02,11.85,67.66,54.95
20181205,3.11,610.1,27.01,11.94,67.81,54.91
20181206,3.07,591.8,27.02,11.84,66.13,53
20181207,3.06,587,27.04,11.98,66.18,53.2
20181210,3.03,577.23,27.07,11.86,65.66,52.33
20181211,3.03,582.99,28.2,12.29,66.8,52.82
20181212,3.01,589,29.2,12.31,67.2,53.17
20181213,3.05,601.75,29.41,12.44,69.77,54.01
20181214,3.02,592.96,29.69,12.25,69.58,52.99
20181217,3.07,590.52,29.27,12.58,70,52.82
20181218,3.02,590.94,29.21,12.32,68.5,52.94
20181219,3.08,577.8,30.22,12.12,66.98,52.56
20181220,3.02,574.5,29.78,12.63,66.95,51.86
20181221,2.97,567.41,29.66,12.17,65.5,50.6
20181224,2.97,568,30.72,12.2,66.01,50.96
20181225,2.94,565.79,31.04,12.16,65.13,50.86
20181226,2.95,560.08,30.15,12.65,65.24,50.41
20181227,2.93,563,31.39,12.7,68.05,50.15
20181228,2.97,590.01,30.73,12.5,68.8,50.88
20190102,2.96,598.98,29.68,12.44,67.34,49.94
20190103,2.96,590,29.09,12.83,65,48.96
20190104,3.03,602,29.84,12.82,65.48,49.54
20190107,3.07,605.49,29.81,12.67,66.35,49.31
20190108,3.06,604.79,29.99,12.5,65.35,49.02
20190109,3.07,616.12,29.87,12.56,67.71,50.03
20190110,3.06,618.77,29.46,12.65,66.57,49.86
20190111,3.08,635.88,29.09,12.71,67.41,50.69
20190114,3.1,624.6,29,12.34,66.93,49.59
20190115,3.09,659.98,30.24,12.59,71.28,52.97
20190116,3.12,661.1,30.49,12.52,71.81,52.2
20190117,3.19,659.25,30.5,12.9,72.29,51.92
20190118,3.14,683.61,31.1,12.67,72.15,53.88
20190121,3.1,686.98,32.2,12.51,73.1,56
20190122,3.09,671,31.11,12.72,72.2,55.21
20190123,3.12,665.66,31,13.2,71.99,55.07
20190124,3.11,672.5,30.99,13.21,72.45,55.2
20190125,3.08,679.7,30.6,13.2,72.98,55.25
20190128,3.04,677,31.38,13.38,72.59,57.47
20190129,2.99,685,32.06,13.25,72.59,58.58
20190130,3,676,32.02,13.18,72.47,57.28
20190131,2.95,689.6,30.5,13.17,72.3,60.3
20190201,3.05,692.67,31.61,13.4,73.95,61.18
20190211,3.11,725.3,32.88,13.57,75.55,64.7
20190212,3.14,717.92,33.12,13.4,75.4,64.75
20190213,3.17,735.25,33,13.26,76.57,66.07
20190214,3.17,737.16,34.25,13.35,76.8,67.96
20190215,3.14,724.78,33.52,13.11,74.92,66.4
20190218,3.21,740,34.03,13.19,76.74,69.87
20190219,3.23,730.76,33.32,13.05,75.89,69.67
20190220,3.23,722,33.37,12.9,74.3,69.01
20190221,3.22,720.25,32.91,12.85,75.27,68.05
20190222,3.25,726.01,34.1,12.94,75.88,68.5
20190225,3.35,742.33,34.4,13.28,78.4,71.26
20190226,3.4,727.35,33.52,13.46,76.47,68.92
20190227,3.44,740.7,33.81,13.74,76.34,70.06
20190228,3.47,755.01,33.3,13.52,76.68,71.5
20190301,3.43,789.3,33.47,13.31,77.56,75.9
20190304,3.47,781.86,35.1,13.55,78.6,77.25
20190305,3.52,779.78,34.73,13.6,78,77.77
20190306,3.63,768,34.39,13.75,77.3,76.99
20190307,3.63,748.6,33.21,13.65,75.66,73.97
20190308,3.38,737.5,31.75,13,74.85,71.44
20190311,3.47,758.54,32.31,13.17,75.01,76
20190312,3.55,745.01,32.15,13.9,74.25,75.3
20190313,3.57,754,32.2,13.54,73.09,76.5
20190314,3.51,778,32.4,12.66,74.16,77.15
20190315,3.62,777.3,33.48,12.55,75.18,78.78
20190318,3.72,810.09,34.6,13.09,79.88,86.66
20190319,3.67,792.61,33.79,13.2,78.14,86
20190320,3.7,792.8,34.67,13.2,78.55,85.7
20190321,3.7,785.75,34.49,13.58,77.74,84.9
20190322,3.72,794,34.5,13.47,77.81,86.05
20190325,3.77,775.6,33.8,13.4,75.05,82.81
20190326,3.64,773,34.17,12.79,77.5,84.47
20190327,3.66,788.5,35.24,12.6,81.48,87.98
20190328,3.5,806.8,34.94,12.6,82.53,90.3
20190329,3.64,853.99,35.3,12.87,86.7,95
20190401,3.81,859,36.7,13.06,86.54,96.57
20190402,3.81,850,36.31,13,85.15,96.06
20190403,3.89,844.5,37.05,13.77,85.3,95.4
20190404,3.89,865,37.27,13.46,86.57,100.23
20190408,3.81,900.2,36.49,13.11,86.5,102
20190409,3.9,905,36.14,13.26,87.5,110.02
20190410,3.88,947.99,36.93,13.07,88.6,107
20190411,3.83,925.2,35.7,12.86,86.41,99.8
20190412,3.8,914,35.39,12.84,85.18,99.62
20190415,3.77,907,34.21,12.73,84,100.6
20190416,3.81,939.9,34.7,13.03,85.8,102.21
20190417,3.82,952,34.74,12.98,86.18,103.62
20190418,3.79,945.5,35.71,12.88,86.29,102.34
20190419,3.75,952.56,35.4,12.9,86.94,101.66
20190422,3.76,949.2,35.5,12.71,85.5,101.13
20190423,3.67,974.95,36.46,12.9,86.99,104.31
20190424,3.66,970,36.73,12.7,86,103.5
20190425,3.49,952.37,36,12.4,86.79,100.6
20190426,3.46,945,35,12.41,84.51,102.27
20190429,3.33,971.97,35.81,12.45,88.88,102.29
20190430,3.18,974,37,12.49,89.28,102.36
20190506,3.04,906,35.73,12.34,88.5,92.12
20190507,3.05,890,38.12,12.58,94.12,95.96
20190508,3.06,884.4,38.44,12.44,91,95.88
20190509,3.07,858.81,36.8,12.51,87.79,91.81
20190510,3.15,907.12,40.03,12.7,91.49,99.2
20190513,3.32,892,42.6,12.61,91.69,103.6
20190514,3.21,886.57,41.6,12.52,90.18,102.48
20190515,3.23,927,42.5,12.59,95,109.9
20190516,3.22,929.91,44.2,12.67,95.62,109.98
20190517,3.09,906.79,42.36,12.36,95,106.46
20190520,3.09,884.96,41.16,12.48,93,104
20190521,3.1,895,41.49,12.6,92.91,104.2
20190522,3.09,888,40.89,12.61,92.96,103.31
20190523,3.06,861,40.02,12.62,91.71,99.83
20190524,3.06,878.5,40.13,12.8,93.46,101.02
20190527,3.11,879,41.99,12.99,93.78,102
20190528,3.08,888,41.87,12.94,98.78,103.1
20190529,3.05,911.91,42.65,12.75,97.54,104.55
20190530,3.03,905.3,45.15,13,100,103.13
20190531,3.02,890,44.69,12.99,100.2,101.25
20190603,3,892,43.82,12.82,102.91,101.46
20190604,3,875.3,42,12.89,99.88,99.19
20190605,3.03,871.6,43.59,12.98,100.7,99.05
20190606,3,862.13,42.89,12.59,99.02,97.29
20190610,3,871.08,44.12,12.2,103.37,100.44
20190611,3.07,910.89,44.99,12.44,105.17,108.95
20190612,3.05,906.7,45.2,12.28,104,107.61
20190613,3.06,910,44.48,12.49,104.04,106.8
20190614,3.03,913,43.56,12.46,102.97,104.96
20190617,3,911.6,43.95,12.49,101.43,103.7
20190618,3.02,917,43.63,12.48,101,104.08
20190619,3.03,932.01,43.8,12.91,101.15,105.9
20190620,3.06,975,45.05,12.25,103.5,112.97
20190621,3.07,976.3,44.54,12.31,102.14,112.98
20190624,3.05,987.1,46.05,12.44,103.1,115.06
20190625,3.06,982.98,45.7,12.53,104,114.9
20190626,3.04,979.86,46.45,12.67,103.24,113.82
20190627,3.04,996.35,47.28,12.58,104.96,117.3
20190628,3,984,47.16,12.64,105,117.95
20190701,3.04,1031.86,48.45,12.69,108.55,126
20190702,3.05,1025,47.51,12.72,107.57,128
20190703,3.03,987.9,47.05,12.7,105.5,123.91
20190704,3.07,981.2,45.42,12.61,101.8,123.09
20190705,3.03,999.82,45.94,12.71,105.09,129.81
20190708,2.99,984.86,46.16,12.51,102.1,127.03
20190709,3,976.06,45.71,12.45,102.39,126
20190710,2.98,982.52,44.02,12.46,102.73,126.43
20190711,2.97,981.5,41.38,12.31,102.02,123.5
20190712,2.99,986.09,42.94,12.29,102.21,125.58
20190715,3.02,975.93,41.72,12.46,101.93,125.09
20190716,3.02,968,41.15,12.4,100.15,123.58
20190717,3.02,963.5,41.01,12.18,99.81,123.6
20190718,3.01,947.5,40.13,12.06,100.2,121
20190719,3.02,955.87,42.47,11.98,101.41,122.14
20190722,2.99,957.02,41.06,11.81,101.9,123.45
20190723,2.99,953.98,41.28,12.05,100.3,120.05
20190724,3,946.36,41.78,12.12,100,119.5
20190725,2.98,963,41.8,12.01,100.89,121.68
20190726,2.94,965.03,41.89,12.07,100.92,121.25
20190729,2.87,976.41,43.02,12.13,101.09,123.75
20190730,2.86,978.93,42.57,12.25,100.6,122.9
20190731,2.83,972.6,41.1,12.4,99.9,120.71
20190801,2.84,959.3,40.92,12.37,96.9,119.03
20190802,2.8,954.45,40.3,12.43,97.45,118.12
20190805,2.72,942.43,39.52,12.28,95.28,116.95
20190806,2.73,946.3,39.7,11.95,96.11,121.28
20190807,2.7,945,39.76,11.65,98,118.88
20190808,2.7,971.68,42.31,11.72,99.08,120.52
20190809,2.67,962.03,41.76,11.47,98.89,118.02
20190812,2.68,1018.63,41.5,11.7,98.02,122.84
20190813,2.66,1017.95,41.73,11.78,99.41,122.3
20190814,2.69,1043.33,41.79,11.77,98.85,125.85
20190815,2.68,1044.9,41.85,11.65,97.76,125.98
20190816,2.74,1054.6,44.74,11.76,103.19,126.3
20190819,2.79,1055.88,44.9,12.27,102.73,127.9
20190820,2.78,1070,44.82,12.4,103.99,129.59
20190821,2.86,1066,44.25,12.5,104.05,127.85
20190822,2.83,1104,44.82,12.71,105.75,130.5
20190823,2.86,1130.1,45.08,12.62,107.9,130.1
20190826,2.82,1102.95,43.78,12.5,106.56,127.42
20190827,2.87,1109,43.25,12.42,107.79,132.38
20190828,2.89,1100.11,43.17,12.55,108.42,133.92
20190829,2.88,1113.1,43.23,12.34,108.8,137
20190830,2.86,1142,43.35,12.29,114.67,141.5
20190902,2.88,1138.76,43.47,12.39,114.02,141.89
20190903,2.85,1140,42.3,12.42,113.68,141.5
20190904,2.86,1125.01,42.32,12.47,113.21,138.31
20190905,2.86,1144,42.37,12.28,112.96,138.9
20190906,2.85,1142.49,42.05,12.19,112.93,140.01
20190909,2.89,1136.52,42.6,12.55,112.9,139.2
20190910,2.89,1123.85,42.3,12.76,112.42,137.25
20190911,2.9,1069.52,41.91,13.07,109.8,129.26
20190912,2.96,1099,42.25,12.96,111.2,131.55
20190916,2.94,1099,42.36,12.73,111,130.92
20190917,2.87,1094.01,42.38,12.54,108.44,131.54
20190918,2.87,1148.9,43.97,12.59,112.96,135.56
20190919,2.86,1145,44.35,12.66,110.28,134.92
20190920,2.85,1157.42,43.91,12.7,111.12,136.84
20190923,2.81,1149,43.21,12.38,110.1,134.85
20190924,2.82,1184,42.57,12.63,110.88,136.51
20190925,2.78,1174,42.02,12.3,110.9,136.54
20190926,2.74,1167,41.28,12.4,109.51,134.1
20190927,2.75,1174.75,41.18,12.38,109.3,133.8
20190930,2.81,1150,41.03,12.1,109.91,129.8
20191008,2.78,1167.1,41.1,12.38,109.1,132.76
20191009,2.8,1146.81,41.77,12.22,109.73,131.81
20191010,2.82,1155,41.4,12.38,109.58,130.99
20191011,2.83,1174.6,41.64,12.22,110.14,131.25
20191014,2.88,1180,40.88,12.36,110.35,130.86
20191015,2.89,1211,40.9,12.41,110.25,132.69
20191016,2.86,1170,40.03,12.51,110,130.13
20191017,2.85,1183.33,40.1,12.38,108.42,130.3
20191018,2.84,1175.79,41.17,12.4,107.44,127.3
20191021,2.8,1168.5,40.78,12.29,107,128.12
20191022,2.8,1170.8,40.75,12.1,108.15,129
20191023,2.79,1158.91,40.81,11.98,107.45,127.32
20191024,2.79,1150.27,40.02,11.81,104.29,124.53
20191025,2.81,1171.35,40.49,11.8,107.04,128.2
20191028,2.94,1178.29,42.26,11.79,108.55,130.05
20191029,2.85,1193,43.49,11.6,109.1,131.5
20191030,2.81,1183.8,43.68,11.62,110.16,130.95
20191031,2.79,1180.01,43.3,11.56,111.68,132.08
20191101,2.81,1185,44.17,11.87,112.29,133.7
20191104,2.8,1199.59,44.93,11.68,114.29,133.99
20191105,2.8,1199,44.7,11.79,115.2,134.28
20191106,2.78,1193,44.7,11.8,115.57,132.63
20191107,2.78,1201.37,45.18,11.84,115.7,133.17
20191108,2.78,1205,45.79,11.82,113.81,134.59
20191111,2.74,1199,45.01,11.57,112.89,132.72
20191112,2.73,1201.6,45.92,11.55,112.61,133.37
20191113,2.73,1224,49,11.41,113.13,134.62
20191114,2.72,1230,49.08,11.35,112.82,134.55
20191115,2.7,1224.9,51.05,11.44,112.26,133.33
20191118,2.71,1227.28,51.35,11.42,112.62,133
20191119,2.72,1232.32,52.1,11.77,113.68,133.5
20191120,2.71,1233.75,51.33,11.81,114.3,134
20191121,2.71,1231.3,51.74,11.8,112.76,133.66
20191122,2.69,1194,50.9,11.75,109.92,128.97
20191125,2.74,1182.06,50.91,11.93,109.36,128.7
20191126,2.71,1185,51.39,11.98,110.8,130.72
20191127,2.71,1189.95,50.48,11.61,109.72,131.49
20191128,2.71,1175.8,50.41,11.61,109.39,130.81
20191129,2.7,1129,48.68,11.58,106.98,127.55
20191202,2.7,1133,47.95,11.57,107.38,127
20191203,2.71,1118,48.31,11.29,106.78,126.04
20191204,2.7,1122.33,48.48,11.26,107.04,128.45
20191205,2.71,1129.8,49.2,11.28,110.1,128.16
20191206,2.73,1170,50.5,11.32,111.24,130.98
20191209,2.72,1158.7,50.86,11.49,107.5,130.49
20191210,2.71,1164.4,51.8,11.57,107.16,130.86
20191211,2.72,1158.98,51.88,11.62,107.2,128.82
20191212,2.69,1137,54.23,11.62,106.6,127.78
20191213,2.68,1163,58.34,11.85,107.5,129.52
20191216,2.69,1147.92,54.84,11.76,107.04,128.83
20191217,2.74,1169.98,53.44,11.87,107.5,130.25
20191218,2.73,1168,53.9,11.98,106.5,130.94
20191219,2.75,1157.4,52.95,12.29,105.65,129.86
20191220,2.76,1146.3,53.22,12.16,105.89,129.1
20191223,2.72,1149.3,52.18,11.76,105.9,128.14
20191224,2.74,1148,53,11.64,106,128.7
20191225,2.73,1133.7,52.51,11.64,105.99,128.1
20191226,2.75,1135.1,52.7,11.88,105.89,128.15
20191227,2.77,1163,52.14,11.94,106.28,129
20191230,2.91,1185.8,52.24,11.89,107.51,132.82
20191231,3.06,1183,51.96,11.94,107.51,133.01
20200102,3.01,1130,51.71,12.02,108,132.08
20200103,3,1078.56,51.4,12.14,105.41,130.55
20200106,2.92,1077.99,50.55,12.23,103.62,129.2
20200107,2.94,1094.53,50.82,12.48,106,129.37
20200108,2.92,1088.14,51.33,12.43,106.17,128.89
20200109,2.95,1102.7,52.37,12.51,107.79,130.77
20200110,2.91,1112.5,52.35,12.65,107.96,133.62
20200113,2.91,1124.27,52.93,12.65,108.3,139.66
20200114,2.92,1107.4,50.86,12.55,105.9,138.56
20200115,2.92,1112.13,50.86,12.61,107.37,140.8
20200116,2.89,1107,51.24,12.85,108.49,140.66
20200117,2.87,1107.5,50.73,12.82,109.86,138.55
20200120,2.91,1091,51.52,12.58,112.05,137.56
20200121,2.89,1075.3,49.22,12.49,111.95,132.62
20200122,2.91,1075.51,49.3,12.66,109.74,131.7
20200123,2.85,1052.8,47.91,12.24,107.21,126.16
20200203,2.57,1003.92,43.2,11.02,101.83,113.54
20200204,2.59,1038.01,45.35,11.51,102.68,114.5
20200205,2.63,1049.99,45.57,11.62,104,117.51
20200206,2.63,1071,47.49,12.78,105.25,119.15
20200207,2.63,1076,49.91,12.34,106.5,120.58
20200210,2.65,1066.49,49.6,12.65,105.8,121.13
20200211,2.66,1098,49.6,12.09,107,124.79
20200212,2.65,1097.27,49.38,12.05,107.08,124.49
20200213,2.65,1091,49.4,11.69,104.7,124.14
20200214,2.63,1088,49.15,11.72,104.7,123.43
20200217,2.67,1093.82,48.96,11.98,105.37,124.3
20200218,2.67,1084,48.5,12.17,103.38,123.39
20200219,2.68,1096.5,49.87,11.85,103.84,126
20200220,2.71,1118,50.22,11.88,105.88,130.15
20200221,2.71,1112.88,48.39,11.94,104.87,130
20200224,2.68,1087.18,47.7,11.72,103.94,127.1
20200225,2.65,1074.81,47.28,11.49,102.17,125.3
20200226,2.69,1073.7,46.56,11.52,100.84,124.1
20200227,2.69,1087.39,47,11.57,102.45,126.3
20200228,2.59,1057,45.56,11.24,99.58,120.6
20200302,2.67,1086.01,46,11.47,101.95,122.65
20200303,2.68,1113,47.2,11.36,103.75,124.37
20200304,2.84,1128.92,47.39,11.46,104.1,125.27
20200305,2.84,1171,49.6,11.59,106.41,133.2
20200306,2.78,1155.5,49.08,11.4,105.69,130.07
20200309,2.7,1114.01,47.94,11.17,101.9,126.3
20200310,2.74,1156,50.46,11.33,104.32,130.72
20200311,2.74,1158.52,50.17,11.16,105.58,129.9
20200312,2.69,1138.5,50.28,10.91,102.66,126.04
20200313,2.67,1112.03,50.28,10.64,100.98,122.6
20200316,2.62,1067,48.6,10.28,98,115.5
20200317,2.59,1045.1,48.86,10.38,97,112.36
20200318,2.55,1007.99,46.7,10.21,97,107.59
20200319,2.54,996,43.89,10.29,93.4,102.11
20200320,2.56,1035.28,43.07,10.39,100.04,108.51
20200323,2.5,1019,40.97,10.27,102.38,104.51
20200324,2.55,1056,43.3,10.65,104.02,109.05
20200325,2.71,1080.1,44.61,10.72,104.11,114
20200326,2.84,1064.92,45.56,10.67,112,113.89
20200327,2.91,1075.5,45.4,10.53,115.13,115.81
20200330,2.84,1072,47.48,10.6,113.79,113.23
20200331,2.9,1111,45.51,10.63,125.17,115.2
20200401,2.87,1103,45.76,10.36,121.8,115
20200402,2.84,1145,46.87,10.56,124.38,117.19
20200403,2.81,1139.79,47.12,10.59,127.9,117.52
20200407,2.83,1159.95,47.41,10.74,133.85,124.14
20200408,2.8,1159.76,47,10.78,127.3,125.28
20200409,2.83,1158.5,49.71,10.78,127.48,124.98
20200410,2.86,1165,51.88,10.62,126.8,126.52
20200413,2.85,1162.3,51.99,10.66,126.85,125
20200414,2.93,1185.1,52.13,10.72,128.5,128.45
20200415,2.88,1189.6,51.83,10.7,124.9,127.91
20200416,2.88,1197.1,52.22,10.71,125.32,126.1
20200417,2.87,1226,51.3,10.59,125.95,128.82
20200420,2.93,1227.3,51.47,10.64,125.26,129.31
20200421,3.05,1200,50.57,10.45,124.99,126.47
20200422,3.11,1244.5,50.9,10.41,126.42,130.3
20200423,3.14,1252.26,51.17,10.42,125.85,131.09
20200424,3.07,1250.56,51.85,10.36,127.08,131.4
20200427,2.99,1276,52.15,10.39,125.65,132.7
20200428,2.97,1279.13,54.08,10.46,127.8,139
20200429,2.97,1274.9,53.45,10.77,126.49,135.5
20200430,3.03,1265.7,54.44,10.93,122.93,135.77
20200506,3,1300,55.08,10.66,127.19,138.21
20200507,2.97,1312,55.75,10.7,107.71,141.91
20200508,2.96,1314.61,56.47,10.66,108.72,142.9
20200511,2.98,1323.01,56.03,10.61,107.34,141.85
20200512,2.94,1333,56.39,10.88,112.47,142.9
20200513,2.88,1335.95,58.53,10.79,113.18,146
20200514,2.85,1326.59,58.35,10.9,110.32,146.3
20200515,2.9,1313,56.54,10.85,110.4,145.22
20200518,2.93,1346.21,57.95,10.72,112.8,151.19
20200519,2.99,1346.11,57.87,10.88,114.19,151.42
20200520,3.03,1351,56.78,10.75,114.18,150.85
20200521,3.06,1366.1,57.2,10.79,118.09,151.68
20200522,3.04,1328.2,58.25,10.75,113.32,144.25
20200525,3.11,1362.9,59.56,10.75,115.98,147.03
20200526,3.04,1358,61.32,10.87,116.41,147.81
20200527,3.04,1338,61.46,10.84,114.35,146.16
20200528,3.02,1344,62.3,10.66,113.66,146.16
20200529,3,1366.6,61.7,10.65,114.9,148.2
20200601,3.04,1419.5,61.08,10.85,116.44,158.59
20200602,3.04,1410.71,59.32,10.9,114.84,158.77
20200603,3.06,1399.3,60,10.96,114.34,158.24
20200604,3.08,1407.99,63.9,11.15,114.54,158.85
20200605,3.06,1425,60.83,11.14,115.37,160.09
20200608,3.03,1406.1,58.6,11.13,113.2,160.61
20200609,3.02,1416.55,59.01,11.19,113.87,162.61
20200610,3.02,1423.66,59.26,11.03,114.12,162.54
20200611,3,1400.46,58.42,11,113.67,160.07
20200612,3.03,1416.37,58.5,11.05,115.1,161.5
20200615,3.01,1383,58.2,11.17,114.01,157
20200616,3.02,1403.88,60.25,11.42,116.22,157.68
20200617,3.02,1405,58.9,11.63,115.85,155.88
20200618,3.01,1413,58,11.73,116.63,158.36
20200619,2.99,1439.84,61.4,11.62,119.39,165.57
20200622,2.96,1439,67.54,10.68,117.89,163
20200623,2.94,1474.5,70.33,10.75,121.3,167.98
20200624,2.95,1460.01,67.56,10.65,123.8,168.61
20200629,2.96,1463.17,69.06,10.57,124.65,167.5
20200630,2.96,1462.88,73,10.58,124.4,171.12
20200701,2.98,1494.27,72.9,10.59,125,181.98
20200702,3,1544,71.6,10.74,124,189.49
20200703,3.04,1541.79,69.93,10.6,124.35,188.72
20200706,3.17,1600,70.2,11.21,124.44,192.82
20200707,3.13,1688,70.41,11.32,128.05,201.89
20200708,3.12,1681.34,70.5,11.2,127.77,203.36
20200709,3.13,1706,70.2,11.38,128.64,203.72
20200710,3.1,1713.85,70.29,11.26,130.24,207
20200713,3.14,1781.99,72.13,11.39,131.37,218.2
20200714,3.12,1762,72.45,11.33,130.6,220.9
20200715,3.03,1752.53,74.4,11.12,134.16,223.95
20200716,2.97,1614,68,10.6,127,201.56
20200717,2.95,1648.05,69.13,10.53,130.1,205.39
20200720,3.04,1636.96,68.52,10.8,130.95,201.68
20200721,3.12,1668,69.9,11.03,135.54,205.58
20200722,3.1,1678.08,71.5,10.94,135.88,208.9
20200723,3.06,1676,71.9,10.78,140.7,210.07
20200724,2.98,1595.3,69.6,10.45,137.07,201.39
20200727,2.94,1622.55,69.6,10.4,144.99,204.1
20200728,2.94,1670,71.77,10.42,146.19,214
20200729,2.98,1672,72.33,10.65,148.6,214.98
20200730,2.96,1680,72.7,10.59,147,216.32
20200731,2.99,1678.18,72.82,10.67,150.08,217.5
20200803,3.02,1668,72.37,10.82,149.44,217.72
20200804,3.04,1669.99,71.9,10.92,148.4,215.8
20200805,3.03,1668,73.5,10.87,149.35,217.48
20200806,3.01,1637.96,71.51,10.8,150.68,211.02
20200807,3.01,1631,69.96,11.01,152.49,207.26
20200810,3.07,1633.99,68.83,10.98,152.01,205.94
20200811,2.98,1642.51,68.31,10.73,153.93,209
20200812,2.98,1626.95,67.8,10.79,153.72,206.47
20200813,3,1635,67.8,10.89,153.09,206.9
20200814,3.02,1661,69.45,11.11,155,212.9
20200817,3.04,1690,76.4,11.13,155.4,219.99
20200818,3.02,1705,83.3,11.13,158.33,220.57
20200819,2.99,1687,82,10.91,163.83,222.2
20200820,3.01,1664,81,11.05,164.16,216.44
20200821,3.02,1676,84.34,10.85,165.5,218.4
20200824,3.01,1696.35,84.34,11.08,165.06,225
20200825,3,1727,85.6,11.13,167.18,235.6
20200826,2.96,1727,88.58,11,172,236.65
20200827,2.97,1731,88.55,11.08,183.02,238.08
20200828,2.99,1757,90.14,11.36,180.9,240.5
20200831,2.97,1786.5,91.05,11.2,183.2,240
20200901,2.97,1801.98,91.78,11.45,188.68,236.24
20200902,2.97,1795,92.46,11.62,198.48,235
20200903,2.99,1793,91.29,11.54,185,238.64
20200904,2.98,1770,87.87,11.4,170.79,230.22
20200907,2.96,1723.5,85,11.33,161.68,226.89
20200908,2.98,1711.4,85.62,11.49,168.5,221.93
20200909,2.97,1688,83.29,11.28,158.9,217
20200910,2.89,1705.8,86.01,11,160.21,223.2
20200911,2.92,1733,89.3,10.99,161.14,227.88
20200914,2.89,1766,98.23,11.04,159,230.08
20200915,2.85,1760,98.55,11.04,162.4,230.33
20200916,2.85,1725.1,100.48,11.1,160.2,226.02
20200917,2.83,1670.52,99.89,11.17,157.67,222.65
20200918,2.85,1695,100.57,11.26,158.22,229.52
20200921,2.85,1666.8,100.51,11.01,157,224.9
20200922,2.81,1665.69,99.54,10.89,155.73,222.9
20200923,2.81,1649.98,102.5,10.86,158.31,219.32
20200924,2.77,1629.32,102.7,10.57,156.33,216.3
20200925,2.76,1635.11,104.21,10.75,157.35,217.2
20200928,2.73,1661,104.33,10.84,156.92,220.13
20200929,2.75,1652.3,104.09,10.86,158.32,219.73
20200930,2.73,1668.5,103.19,10.86,162.1,221
20201009,2.77,1696,102.86,10.9,163.09,227.57
20201012,2.83,1750.61,105.8,11.15,172.34,241.75
20201013,2.81,1739,106,11.05,172.63,242.27
20201014,2.79,1729,106.92,11.12,171.49,239.4
20201015,2.78,1725,106.95,11.03,171,238.91
20201016,2.8,1712,106.51,11.06,168.35,236.88
20201019,2.79,1699,103,10.87,163.07,236.18
20201020,2.79,1734,106.91,10.79,169.65,240.98
20201021,2.75,1733.33,103.92,10.98,168.77,241.77
20201022,2.69,1742.5,103.35,11.09,168.7,241.74
20201023,2.58,1715.33,99.87,10.95,164.73,236.63
20201026,2.61,1643,102.06,10.85,162.5,232.61
20201027,2.62,1625,103.69,10.77,164.47,233.5
20201028,2.61,1664.81,105.89,10.65,165.94,239.98
20201029,2.6,1676,106.69,10.52,167.17,250
20201030,2.6,1670.02,106.92,10.49,160.2,244.35
20201102,2.64,1674.01,105.92,10.42,161.54,245.7
20201103,2.66,1695,104.68,10.51,160.7,250.4
20201104,2.65,1699.58,106.17,10.37,162.16,253
20201105,2.66,1721.9,108.64,10.49,168.65,259.41
20201106,2.67,1700.62,107,10.52,169.9,259.3
20201109,2.67,1742.57,105.58,10.59,168.87,270
20201110,2.66,1745,107.05,10.56,167.79,272.8
20201111,2.66,1731.35,104.51,10.48,167.2,268.9
20201112,2.67,1734.79,106.53,10.5,164.37,267.65
20201113,2.69,1705,103.86,10.31,162.81,265
20201116,2.78,1730.05,103.2,11.11,162.36,273
20201117,2.8,1715.8,100.99,10.69,160.06,269.1
20201118,2.84,1693.65,101.62,10.88,161.5,263.72
20201119,2.84,1720.19,104.36,10.82,163.01,264.7
20201120,2.83,1719.96,108.3,10.72,164.26,268.47
20201123,2.84,1790.21,109.23,10.83,162.54,272.58
20201124,2.82,1763.5,113.2,10.8,163.25,271.79
20201125,2.81,1726.88,109.39,10.68,159.2,262.97
20201126,2.79,1734.39,108.22,10.77,160.05,260.58
20201127,2.82,1737.9,108.3,10.93,161.87,262.3
20201130,2.82,1713.91,105,10.76,159.2,254
20201201,2.84,1737,105.24,10.91,165.19,257.99
20201202,2.86,1738.01,104.39,10.77,166.7,260.55
20201203,2.9,1749,105.92,10.77,171.55,261.63
20201204,2.89,1793.11,116.51,10.74,181.95,267.19
20201207,2.89,1812.4,116.8,10.63,181.98,270.24
20201208,2.94,1850,117.03,10.59,183.5,272
20201209,2.96,1840,119.35,10.46,184.1,269.72
20201210,3,1832.9,117.74,10.42,190.21,267.67
20201211,2.96,1820,119.28,10.31,186.2,267.52
20201214,2.99,1829,122,10.27,194.23,273.15
20201215,3.05,1816.01,120.26,10.26,196.91,270.8
20201216,3.13,1840,119.82,10.24,199.71,274.33
20201217,3.18,1865.51,119.99,10.27,196,277.81
20201218,3.16,1845,116.99,10.22,189.04,276.86
20201221,3.04,1842.5,115.41,10.16,194.3,281.91
20201222,3.06,1881,116.57,9.92,193,282.38
20201223,3.12,1841.65,117.82,9.87,195.44,278.29
20201224,3.09,1830.34,113.58,9.63,195.43,275.32
20201225,3.15,1830,114.19,9.62,201,275.92
20201228,3.21,1873,115.4,9.52,196.63,285.95
20201229,3.18,1867,115.36,9.54,197.39,281
20201230,3.15,1933,117.37,9.54,199.97,286.88
20201231,3.04,1998,118.99,9.53,200.54,291.85
20210104,2.94,1997,120.59,9.52,200.52,298.05
20210105,2.94,2059.45,130.12,9.38,201.26,319.98
20210106,2.86,2100,130.74,9.39,206.62,328.3
20210107,2.83,2140,132.11,9.18,214.58,330
20210108,2.9,2090,131.98,9.27,214.25,317
20210111,2.93,2099.73,128.5,9.04,207,301.2
20210112,2.87,2160.9,128.99,9.04,211.26,310
20210113,2.85,2164,125,9.24,213,305.33
20210114,2.93,2134,121.25,9.31,214.98,289.4
20210115,2.97,2082,124.94,9.23,204.6,287.7
20210118,2.99,2063,124.2,9.19,203.43,284.55
20210119,3,2009.41,121.57,9.27,200.19,281.5
20210120,3.02,2040.63,129.49,9.25,200.81,284.85
20210121,3.02,2070,131.33,9.14,203.02,296.95
20210122,3.07,2079.95,139.7,9.05,202.99,295.56
20210125,3.09,2175,136.71,8.83,208.48,315.69
20210126,3.08,2141.89,133.58,8.97,204.75,305.78
20210127,3.07,2089,131.82,9.25,199.6,292.58
20210128,3.01,2088,131.03,9.28,199.29,286
20210129,3.03,2116.18,134.36,9.4,197.15,291.14
20210201,3.15,2109.32,128.88,9.5,195.08,292.29
20210202,3.11,2145,136.89,9.33,199.03,304.12
20210203,3.15,2189.91,137.07,9.31,196,308.75
20210204,3.11,2320.85,135.57,9.24,194,313.6
20210205,3.15,2313,140.87,9.19,192.51,319.76
20210208,3.19,2368.8,151.37,9.24,194.9,320
20210209,3.2,2456.43,154.21,9.23,206.4,329.5
20210210,3.21,2601,162,9.16,206.11,342.65
20210218,3.26,2471,157.27,9.27,188.8,333.5
20210219,3.25,2460,155,9.64,191.18,344.4
20210222,3.19,2288.02,144.12,9.94,183.03,313.06
20210223,3.11,2307,142.26,9.91,182.8,315
20210224,3.42,2189,139.19,9.99,177.19,293.08
20210225,3.54,2150,128.62,10,175.68,288.9
20210226,3.29,2122.78,120.74,9.93,172.7,280
20210301,3.24,2158,118.3,9.94,172.48,289.02
20210302,3.19,2058,115.98,10.11,169.63,280.7
20210303,3.18,2140,116.07,10.07,171.16,285.3
20210304,3.2,2033,109.07,10.18,164.5,266.31
20210305,3.14,2060.11,109.17,10.17,166.5,266.5
20210308,3.03,1960,98.26,10.4,158.55,244.5
20210309,3.05,1936.99,94.7,10.36,153.67,242.5
20210310,3.08,1970.01,96,9.91,154.3,252.6
20210311,3.11,2048,99,10.29,157.6,265.04
20210312,3.1,2026,95.79,10.16,155.4,264.45
20210315,3.08,1975.45,91,10.5,149.3,251.01
20210316,3.14,2010.5,93.57,10.55,151.95,262.41
20210317,3.16,2030.36,97.79,10.4,152.87,264.31
20210318,3.16,2069.7,101.71,10.48,157.27,270.39
20210319,3.13,2010,102.57,10.54,152.05,260.79
20210322,3.12,1989.99,102.82,10.49,151.66,259.5
20210323,3.03,1996,101.42,10.47,148.5,262.25
20210324,3.04,1989,100.69,10.72,146.51,260.8
20210325,3.01,1971,102.02,10.66,147.91,255.98
20210326,3.04,2013,106.71,10.49,150.45,265.95
20210329,3.05,2034.1,111.37,10.7,152.06,272.09
20210330,3.03,2056.05,111.7,10.39,157.58,273.46
20210331,3.07,2009,111.29,10.49,159.8,267.98
20210401,3.04,2044.5,114.08,10.5,165.42,273.08
20210402,3.06,2162,117.58,10.19,170.4,284.56
20210406,3.04,2126.03,115.42,10.15,167.33,284.76
20210407,3.04,2061,113.29,10.13,170.23,270.85
20210408,3.03,2070,116.11,10.13,175.4,273.08
20210409,2.97,2020,116.29,10.09,171.79,265.3
20210412,2.97,2008.89,114.15,10.21,168.85,260.99
20210413,2.95,2021,118.74,10.65,170.6,262.9
20210414,2.95,2047,122.69,10.69,169.63,263.78
20210415,2.97,2015.6,123.69,10.76,169.25,255.8
20210416,3.06,2054.98,122.61,10.98,167,261.8
20210419,3.03,2088,122.95,10.85,169.24,265.67
20210420,3.02,2094.8,126.62,10.92,167.96,267.75
20210421,3.04,2080,131.63,10.89,167.85,270.85
20210422,3.06,2055.5,134.35,10.82,163.6,271.19
20210423,3,2108.94,139.26,10.74,170.8,280
20210426,3.04,2077.82,127.44,10.52,162.01,275
20210427,3,2094.44,132.4,10.4,163.33,281.82
20210428,2.99,2042,141.55,10.46,161.5,285.6
20210429,2.96,2026.36,149.98,10.34,166,289.5
20210430,2.96,2006.78,157.38,10.21,169.5,285
20210506,2.96,1959,153.47,10.28,164.99,276.44
20210507,2.96,1903,153.2,10.22,159.09,272.1
20210510,2.88,1879.03,150.87,10.06,159.6,264
20210511,2.99,1959,151.87,10.08,168.05,275.45
20210512,3.09,1984,151.02,10.22,168.68,277.51
20210513,3.1,1971.5,158.2,10.07,170.6,276
20210514,3.11,2009.85,170.55,10.09,173.57,287
20210517,3.1,2057.96,170,9.95,136.45,297.19
20210518,3.09,2059.31,176.08,10.02,134.67,299.5
20210519,3.07,2049,168.35,9.83,132.96,302.79
20210520,2.96,2058.88,171.65,9.78,133,303.51
20210521,2.99,2042.1,171.25,9.77,131.59,296.6
20210524,2.96,2071.29,171.55,9.76,132.3,305.01
20210525,2.98,2194.5,173.18,9.85,138.75,323.03
20210526,2.97,2220,171.25,9.82,137.1,319
20210527,2.97,2245,174.93,9.83,138.01,318.18
20210528,2.98,2230,173.1,9.83,135.83,316.9
20210531,2.95,2218,172.85,9.69,137.26,315.12
20210601,2.95,2240.95,170.85,9.87,138.96,315.7
20210602,2.93,2222,171.47,9.75,138.02,311.84
20210603,2.94,2222.22,170.23,9.74,136.8,313.61
20210604,2.93,2251.5,171.25,9.72,137.42,315.3
20210607,2.95,2271,178,9.72,136.13,312.91
20210608,2.95,2191,169.5,9.76,135,297.95
20210609,2.94,2199.5,172.49,9.86,135.8,296.5
20210610,2.95,2238.48,174.59,9.81,136.16,303.05
20210611,2.97,2178.81,171.97,9.45,134.68,301.57
20210615,3.02,2193,171.55,9.51,131.45,299.26
20210616,3.01,2158,169.59,9.46,133.9,292.32
20210617,3,2156.91,181.91,9.47,131.57,294.22
20210618,3.3,2090.94,185.26,9.4,129.5,291
20210621,3.17,2081.64,182.74,9.33,129.74,296.87
20210622,3.29,2074.97,182.4,9.39,130.92,299.89
20210623,3.23,2038,180,9.47,130.17,290.94
20210624,3.17,2068.05,180.5,9.55,130.01,292.7
20210625,3.12,2092,188.1,8.83,132.5,299.92
20210628,3.25,2103.01,194.71,8.82,132.48,306.31
20210629,3.23,2062,198.61,8.84,129.33,298.55
20210630,3.22,2056.7,197.95,8.82,128.95,297.89
20210701,3.17,2105,197.2,8.76,132,298.2
20210702,3.15,2013,199.96,8.84,126.24,286.03
20210705,3.2,1994,197,8.8,121.15,281.1
20210706,3.18,2012.9,194.16,8.76,117.59,277.25
20210707,3.1,2004,198.65,8.75,116.96,284.59
20210708,3.16,1985,188,8.66,117.34,269.84
20210709,3.14,1972.11,184.2,8.83,113.9,267.28
20210712,3.12,1961,183.01,8.82,116.87,270.95
20210713,3.21,1982.9,190,8.85,122.98,276
20210714,3.14,1962,197.5,8.92,124.82,275.3
20210715,3.12,1997.99,203.31,8.91,128.49,280.83
20210716,3.1,1955.9,199.1,8.87,123.11,277.52
20210719,3.1,1975,197.8,8.83,122.58,280.89
20210720,3.06,1980,197.48,8.73,123.86,282.3
20210721,3.06,1969,205.03,8.68,119.16,281.22
20210722,3.03,1940.01,202.59,8.63,119.6,280.1
20210723,3,1900,193.91,8.52,118.39,271.21
20210726,2.93,1804.11,174.52,8.39,116.04,249.54
20210727,2.9,1712.89,159.68,8.31,113.1,231.15
20210728,2.89,1768.9,167.37,8.42,112.7,236.68
20210729,2.9,1749.79,171.68,8.26,114.48,235.05
20210730,3.03,1678.99,154.51,8.3,114.64,220.75
20210802,3.03,1755,163.42,8.25,117.79,234.45
20210803,3,1749.3,164.3,8.31,119.08,240.05
20210804,3,1724,165.66,8.25,116.03,234.5
20210805,3.03,1699,170,8.15,117.35,227.17
20210806,2.99,1671,164.52,8.16,114.79,226
20210809,3.03,1693.8,176.8,8.16,121.06,230.01
20210810,3.04,1799,187.83,8.2,122.7,248.9
20210811,3.07,1750.5,176.4,8.19,119.56,246.2
20210812,3.04,1690,176.8,8.2,116.02,237.92
20210813,3.05,1700.04,174,8.18,115.68,240.8
20210816,3.03,1699.2,179,8.26,115.5,240.7
20210817,2.97,1635,165.96,8.14,111.9,229.95
20210818,2.98,1620,173.19,8.19,111.45,229
20210819,2.98,1619.97,155.87,8.19,110.42,222.65
20210820,2.96,1548,140.28,8.15,105.45,206.38
20210823,2.97,1570.19,136.18,8.15,104.98,206.04
20210824,2.99,1625.18,146.17,8.15,109.78,210
20210825,2.97,1665.02,146.21,8.25,109.29,217.5
20210826,2.97,1595,140.5,8.24,106.75,207.17
20210827,2.97,1596.03,143,8.26,106.09,205.68
20210830,2.95,1586,138.76,8.42,105.53,207
20210831,2.95,1558,140.15,8.7,94.98,201.69
20210901,2.96,1622.01,139.3,8.79,93.05,207.71
20210902,2.98,1618.8,136,8.92,89.8,201.23
20210903,3.02,1658.22,132.6,8.9,90.07,205.89
20210906,3.03,1670.67,142.55,8.94,92.02,211.46
20210907,3.02,1669,143.43,9.09,90.24,211.97
20210908,3.12,1633.1,137.97,8.98,90.75,207.72
20210909,3.13,1634.08,137.01,9.08,90,207.33
20210910,3.16,1662.58,139.5,9.2,90.77,213.7
20210913,3.34,1654,134.67,9.19,88.96,207.79
20210914,3.47,1657,134.18,9.09,88.18,205.73
20210915,3.82,1615.74,128.3,9.39,86.32,198.5
20210916,3.69,1638.07,124.52,9.09,89.06,197
20210917,3.75,1686,134.15,9.11,89.1,201.95
20210922,3.68,1637.69,133.07,9.17,87.08,193.93
20210923,3.66,1635,130.13,9.31,91.58,194.42
20210924,4.03,1694,130.71,9.19,100.74,200.52
20210927,4.43,1855,138.44,9.06,106.63,220.57
20210928,4,1822.06,134.28,9.07,107.67,216.94
20210929,3.6,1820,131,8.97,109.75,218.68
20210930,3.63,1830,131.23,8.96,110,219.39
20211008,3.86,1839.6,136.3,9.29,112,228.22
20211011,3.9,1867.12,134,9.18,109.92,227.8
20211012,3.9,1870.99,133.67,9.14,114,229.34
20211013,3.87,1929.9,137.5,8.99,113.55,239.49
20211014,3.97,1911,141.35,9.04,112.38,240
20211015,3.72,1916.97,137.83,8.99,114.67,234.32
20211018,3.81,1800,132.52,9.12,112.55,215.32
20211019,3.74,1812.18,129.17,8.8,115.8,218.97
20211020,3.68,1841,126.96,8.86,117.68,219.94
20211021,3.64,1844,124.91,9.05,117,220.99
20211022,3.69,1901,128.38,8.9,121.8,225.03
20211025,3.85,1873.03,135.87,8.89,118.45,220.36
20211026,3.79,1861.05,142.28,8.75,116.22,220.66
20211027,3.86,1819,135.8,8.73,116.25,216
20211028,3.65,1825.49,136.77,8.28,116.41,215.29
20211029,3.74,1826.08,150.45,8.2,117.02,216.51
20211101,3.7,1803,158.1,8.19,112.89,204.94
20211102,3.64,1804.64,162.61,8.15,120,201.32
20211103,3.63,1765,161,8.21,118.32,199.13
20211104,3.67,1804.2,162.44,8.22,123.52,206.82
20211105,3.55,1819.94,159.21,8.23,123.46,210.31
20211108,3.52,1820.1,157.04,8.34,120.05,210.99
20211109,3.54,1790.01,154.19,8.28,119.9,208.77
20211110,3.6,1753.99,152,8.31,117.54,205.7
20211111,3.62,1769.6,152,8.38,117.89,206.51
20211112,3.57,1773.78,154.89,8.5,116.4,203.85
20211115,3.59,1761.14,159.9,8.67,121.86,204.7
20211116,3.58,1808,163.1,8.69,121.46,212
20211117,3.6,1795,163,8.71,120.71,211.51
20211118,3.59,1792,161.5,8.71,118.98,208.62
20211119,3.59,1828.41,164,8.76,119.9,212.6
20211122,3.59,1854.27,155.33,8.74,118.08,215.97
20211123,3.63,1896.43,152.35,8.89,117.37,214.8
20211124,3.63,1941,152.97,9.15,116.38,224.42
20211125,3.61,1956.03,152.07,9,115.38,222.95
20211126,3.51,1941.01,149.55,8.96,114.66,222.86
20211129,3.46,1985,145.59,9.07,113.5,224.73
20211130,3.47,1930.77,144.59,9.19,112.3,218
20211201,3.49,1932.99,148.92,9.16,113.68,220.56
20211202,3.5,1934,147.22,9.26,112.7,222.75
20211203,3.52,1971.88,150.5,9.3,111.55,229.45
20211206,3.75,1967.3,150.38,9.46,109.86,232.3
20211207,3.71,1955.87,154.39,9.6,112.7,234
20211208,3.65,2043,157.91,9.95,112.8,244
20211209,3.61,2086.55,164.85,9.89,116.9,251
20211210,3.64,2090,162.88,9.61,115,247
20211213,3.61,2118.2,159.25,9.61,112.7,249.98
20211214,3.55,2150,160.31,9.54,112.19,250
20211215,3.53,2135,156.8,9.43,108.65,243.8
20211216,3.54,2118.99,156.8,9.41,109.55,243.5
20211217,3.53,2050.7,154.04,9.32,108.5,235.16
20211220,3.55,2058.96,150.37,9.33,109.38,236
20211221,3.71,2038.2,154.02,9.34,107.18,231.65
20211222,3.67,2048,157.72,9.39,106.15,232.12
20211223,3.56,2120,156.46,9.28,107.03,237.01
20211224,3.5,2194.09,157.06,9.38,106.95,241.94
20211227,3.69,2131.82,153.11,9.16,110.52,236.21
20211228,3.55,2138.18,158.82,9.26,108.86,237.58
20211229,3.56,2041,158.4,9.06,104.81,225.7
20211230,3.57,2075,156,9.37,104.68,225.5
20211231,3.57,2050,151.32,9.57,105.11,222.66
